rs16891982	NC_000005.10	33951587	C
rs28777	NC_000005.10	33958853	C
rs12203592	NC_000006.12	396320	T
rs4959270	NC_000006.12	457747	A
rs683	NC_000009.12	12709304	G
rs10756819	NC_000009.12	16858085	G
rs1042602	NC_000011.10	89178527	T
rs1393350	NC_000011.10	89277877	T
rs1126809	NC_000011.10	89284792	A
rs12821256	NC_000012.12	88934558	G
rs12896399	NC_000014.9	92307318	T
rs2402130	NC_000014.9	92334858	G
rs17128291	NC_000014.9	92416481	C
rs1545397	NC_000015.10	27942625	T
rs1800414	NC_000015.10	27951890	C
rs1800407	NC_000015.10	27985171	A
rs12441727	NC_000015.10	28026628	A
rs1470608	NC_000015.10	28042974	A
rs1129038	NC_000015.10	28111712	G
rs12913832	NC_000015.10	28120471	T
rs2238289	NC_000015.10	28208068	C
rs6497292	NC_000015.10	28251048	C
rs1667394	NC_000015.10	28285035	C
rs1426654	NC_000015.10	48134286	G
rs3114908	NC_000016.10	89317316	T
rs3212355	NC_000016.10	89917969	A
rs312262906	NC_000016.10	89919344	A
rs1805005	NC_000016.10	89919435	T
rs1805006	NC_000016.10	89919509	A
rs2228479	NC_000016.10	89919531	A
rs11547464	NC_000016.10	89919682	A
rs1805007	NC_000016.10	89919708	T
rs201326893	NC_000016.10	89919713	A
rs1110400	NC_000016.10	89919721	C
rs1805008	NC_000016.10	89919735	T
rs885479	NC_000016.10	89919745	T
rs1805009	NC_000016.10	89920137	C
rs8051733	NC_000016.10	89957797	C
rs6059655	NC_000020.11	34077941	T
rs6119471	NC_000020.11	34197405	C
rs2378249	NC_000020.11	34630285	C
