rs16891982	chr5	33951588	C
rs28777	chr5	33958854	C
rs12203592	chr6	396321	T
rs4959270	chr6	457748	A
rs683	chr9	12709305	G
rs10756819	chr9	16858086	G
rs1042602	chr11	89178528	T
rs1393350	chr11	89277878	T
rs1126809	chr11	89284793	A
rs12821256	chr12	88934558	G
rs12896399	chr14	92307319	T
rs2402130	chr14	92334859	G
rs17128291	chr14	92416482	C
rs1545397	chr15	27942626	T
rs1800414	chr15	27951891	C
rs1800407	chr15	27985172	A
rs12441727	chr15	28026629	A
rs1470608	chr15	28042975	A
rs1129038	chr15	28111713	G
rs12913832	chr15	28120472	T
rs2238289	chr15	28208069	C
rs6497292	chr15	28251049	C
rs1667394	chr15	28285036	C
rs1426654	chr15	48134287	G
rs3114908	chr16	89317317	T
rs3212355	chr16	89917970	A
rs312262906	chr16	89919343	A
rs1805005	chr16	89919436	T
rs1805006	chr16	89919510	A
rs2228479	chr16	89919532	A
rs11547464	chr16	89919683	A
rs1805007	chr16	89919709	T
rs201326893	chr16	89919714	A
rs1110400	chr16	89919722	C
rs1805008	chr16	89919736	T
rs885479	chr16	89919746	T
rs1805009	chr16	89920138	C
rs8051733	chr16	89957798	C
rs6059655	chr20	34077942	T
rs6119471	chr20	34197406	C
rs2378249	chr20	34630286	C
