№	SNP	Хромосома, позиция (hg38)	Хромосома, позиция (hg19)	Ген	Ведущая аллель	Значения аллелей с количеством прочтений	Параметр для HirisPlex-S
1	rs312262906	16:89919343	16:89985751	MC1R	A
2	rs11547464	16:89919683	16:89986091	MC1R	A
3	rs885479	16:89919746	16:89986154	MC1R	T
4	rs1805008	16:89919736	16:89986144	MC1R	T
5	rs1805005	16:89919436	16:89985844	MC1R	T
6	rs1805006	16:89919510	16:89985918	MC1R	A
7	rs1805007	16:89919709	16:89986117	MC1R	T
8	rs1805009	16:89920138	16:89986546	MC1R	C
9	rs201326893	16:89919714	16:89986122	MC1R	A
10	rs2228479	16:89919532	16:89985940	MC1R	A
11	rs1110400	16:89919722	16:89986130	MC1R	C
12	rs28777	5:33958854	5:33958959	SLC45A2	C
13	rs16891982	5:33951588	5:33951693	SLC45A2	C
14	rs12821256	12:88934558	12:89328335	KITLG	G
15	rs4959270	6:457748	6:457748	LOC105374875	A
16	rs12203592	6:396321	6:396321	IRF4	T
17	rs1042602	11:89178528	11:88911696	TYR	T
18	rs1800407	15:27985172	15:28230318	OCA2	A
19	rs2402130	14:92334859	14:92801203	SLC24A4	G
20	rs12913832	15:28120472	15:28365618	HERC2	T
21	rs2378249	20:34630286	20:33218090	PIGU	C
22	rs12896399	14:92307319	14:92773663	LOC105370627	T
23	rs1393350	11:89277878	11:89011046	TYR	T
24	rs683	9:12709305	9:12709305	TYRP1	G
25	rs3114908	16:89317317	16:89383725	ANKRD11	T
26	rs1800414	15:27951891	15:28197037	OCA2	C
27	rs10756819	9:16858086	9:16858084	BNC2	G
28	rs2238289	15:28208069	15:28453215	HERC2	C
29	rs17128291	14:92416482	14:92882826	SLC24A4	C
30	rs6497292	15:28251049	15:28496195	HERC2	C
31	rs1129038	15:28111713	15:28356859	HERC2	G
32	rs1667394	15:28285036	15:28530182	HERC2	C
33	rs1126809	11:89284793	11:89017961	TYR	A
34	rs1470608	15:28042975	15:28288121	OCA2	A
35	rs1426654	15:48134287	15:48426484	SLC24A5	G
36	rs6119471	20:34197406	20:32785212	ASIP	C
37	rs1545397	15:27942626	15:28187772	OCA2	T
38	rs6059655	20:34077942	20:32665748	RALY	T
39	rs12441727	15:28026629	15:28271775	OCA2	A
40	rs3212355	16:89917970	16:89984378	MC1R	A
41	rs8051733	16:89957798	16:90024206	DEF8	C
